Name,Party,State,District,Title,Website,Facebook,Twitter
Ralph Abraham,R,LA,LA_05,Representative,https://abraham.house.gov,CongressmanRalphAbraham,RepAbraham
Alma Adams,D,NC,NC_12,Representative,https://adams.house.gov,CongresswomanAdams,RepAdams
Robert Aderholt,R,AL,AL_04,Representative,https://aderholt.house.gov,RobertAderholt,Robert_Aderholt
Pete Aguilar,D,CA,CA_31,Representative,https://aguilar.house.gov,reppeteaguilar,reppeteaguilar
Rick Allen,R,GA,GA_12,Representative,https://allen.house.gov,CongressmanRickAllen,reprickallen
Colin Allred,D,TX,TX_32,Representative,https://allred.house.gov/,,RepColinAllred
Justin Amash,R,MI,MI_03,Representative,https://amash.house.gov,repjustinamash,
Justin Amash,I,MI,MI_03,Representative,https://amash.house.gov,repjustinamash,
Mark Amodei,R,NV,NV_02,Representative,https://amodei.house.gov,MarkAmodeiNV2,MarkAmodeiNV2
Kelly Armstrong,R,ND,ND_AL,Representative,https://armstrong.house.gov/,,RepArmstrongND
Jodey Arrington,R,TX,TX_19,Representative,https://arrington.house.gov,JodeyArrington,RepArrington
Cynthia Axne,D,IA,IA_03,Representative,https://axne.house.gov/,,RepCindyAxne
Brian Babin,R,TX,TX_36,Representative,https://babin.house.gov,RepBrianBabin,RepBrianBabin
Don Bacon,R,NE,NE_02,Representative,https://bacon.house.gov,RepDonBacon,repdonbacon
James Baird,R,IN,IN_04,Representative,https://baird.house.gov/,,RepJimBaird
Troy Balderson,R,OH,OH_12,Representative,https://balderson.house.gov/,,RepBalderson
Jim Banks,R,IN,IN_03,Representative,https://banks.house.gov,RepJimBanks,RepJimBanks
Andy Barr,R,KY,KY_06,Representative,https://barr.house.gov,RepAndyBarr,RepAndyBarr
Nanette Barragán,D,CA,CA_44,Representative,https://barragan.house.gov,CongresswomanBarragan,RepBarragan
Karen Bass,D,CA,CA_37,Representative,https://bass.house.gov,RepKarenBass,RepKarenBass
Joyce Beatty,D,OH,OH_03,Representative,https://beatty.house.gov,RepJoyceBeatty,RepBeatty
Ami Bera,D,CA,CA_07,Representative,https://bera.house.gov,RepAmiBera,RepBera
Jack Bergman,R,MI,MI_01,Representative,https://bergman.house.gov,RepJackBergman,RepJackBergman
Donald Beyer,D,VA,VA_08,Representative,https://beyer.house.gov,RepDonBeyer,RepDonBeyer
Andy Biggs,R,AZ,AZ_05,Representative,https://biggs.house.gov,RepAndyBiggs,RepAndyBiggsAZ
Gus Bilirakis,R,FL,FL_12,Representative,https://bilirakis.house.gov,GusBilirakis,RepGusBilirakis
Dan Bishop,R,NC,NC_09,Representative,https://danbishop.house.gov/,,RepDanBishop
Rob Bishop,R,UT,UT_01,Representative,https://robbishop.house.gov,RepRobBishop,RepRobBishop
Sanford Bishop,D,GA,GA_02,Representative,https://bishop.house.gov,sanfordbishop,SanfordBishop
Earl Blumenauer,D,OR,OR_03,Representative,https://blumenauer.house.gov,,BlumenauerMedia
Lisa Blunt Rochester,D,DE,DE_AL,Representative,https://bluntrochester.house.gov,Rep.BluntRochester,RepLBR
Suzanne Bonamici,D,OR,OR_01,Representative,https://bonamici.house.gov,congresswomanbonamici,RepBonamici
Mike Bost,R,IL,IL_12,Representative,https://bost.house.gov,RepBost,RepBost
Brendan Boyle,D,PA,PA_02,Representative,https://boyle.house.gov,CongressmanBoyle,CongBoyle
Kevin Brady,R,TX,TX_08,Representative,https://kevinbrady.house.gov,kevinbrady,RepKevinBrady
Anthony Brindisi,D,NY,NY_22,Representative,https://brindisi.house.gov/,,RepBrindisi
Mo Brooks,R,AL,AL_05,Representative,https://brooks.house.gov,RepMoBrooks,RepMoBrooks
Susan Brooks,R,IN,IN_05,Representative,https://susanwbrooks.house.gov,congresswomansusanwbrooks,SusanWBrooks
Anthony Brown,D,MD,MD_04,Representative,https://anthonybrown.house.gov,RepAnthonyBrown,RepAnthonyBrown
Julia Brownley,D,CA,CA_26,Representative,https://juliabrownley.house.gov,RepJuliaBrownley,RepBrownley
Vern Buchanan,R,FL,FL_16,Representative,https://buchanan.house.gov,CongressmanBuchanan,VernBuchanan
Ken Buck,R,CO,CO_04,Representative,https://buck.house.gov,repkenbuck,RepKenBuck
Larry Bucshon,R,IN,IN_08,Representative,https://bucshon.house.gov,RepLarryBucshon,RepLarryBucshon
Ted Budd,R,NC,NC_13,Representative,https://budd.house.gov,RepTedBudd,RepTedBudd
Tim Burchett,R,TN,TN_02,Representative,https://burchett.house.gov/,,RepTimBurchett
Michael Burgess,R,TX,TX_26,Representative,https://burgess.house.gov,michaelcburgess,MichaelCBurgess
Cheri Bustos,D,IL,IL_17,Representative,https://bustos.house.gov,RepCheri,RepCheri
G. Butterfield,D,NC,NC_01,Representative,https://butterfield.house.gov,congressmangkbutterfield,GKButterfield
Bradley Byrne,R,AL,AL_01,Representative,https://byrne.house.gov,RepByrne,RepByrne
Ken Calvert,R,CA,CA_42,Representative,https://calvert.house.gov,70063393423,KenCalvert
Salud Carbajal,D,CA,CA_24,Representative,https://carbajal.house.gov,repsaludcarbajal,RepCarbajal
Tony Cárdenas,D,CA,CA_29,Representative,https://cardenas.house.gov,repcardenas,RepCardenas
André Carson,D,IN,IN_07,Representative,https://carson.house.gov,CongressmanAndreCarson,RepAndreCarson
John Carter,R,TX,TX_31,Representative,https://carter.house.gov,judgecarter,JudgeCarter
Buddy Carter,R,GA,GA_01,Representative,https://buddycarter.house.gov,congressmanbuddycarter,RepBuddyCarter
Matt Cartwright,D,PA,PA_08,Representative,https://cartwright.house.gov,CongressmanMattCartwright,RepCartwright
Ed Case,D,HI,HI_01,Representative,https://case.house.gov,,RepEdCase
Sean Casten,D,IL,IL_06,Representative,https://casten.house.gov/,RepSeanCasten,RepCasten
Kathy Castor,D,FL,FL_14,Representative,https://castor.house.gov,USRepKathyCastor,USRepKCastor
Joaquín Castro,D,TX,TX_20,Representative,https://castro.house.gov,326420614138023,JoaquinCastrotx
Steven Chabot,R,OH,OH_01,Representative,https://chabot.house.gov,RepSteveChabot,RepSteveChabot
Liz Cheney,R,WY,WY_AL,Representative,https://cheney.house.gov,replizcheney,RepLizCheney
Judy Chu,D,CA,CA_27,Representative,https://chu.house.gov,RepJudyChu,RepJudyChu
David Cicilline,D,RI,RI_01,Representative,https://cicilline.house.gov,CongressmanDavidCicilline,RepCicilline
Gilbert Cisneros,D,CA,CA_39,Representative,https://cisneros.house.gov/,,RepGilCisneros
Katherine Clark,D,MA,MA_05,Representative,https://katherineclark.house.gov,CongresswomanClark,RepKClark
Yvette Clarke,D,NY,NY_09,Representative,https://clarke.house.gov,repyvettedclarke,RepYvetteClarke
William Clay,D,MO,MO_01,Representative,https://lacyclay.house.gov,109135405838588,
Emanuel Cleaver,D,MO,MO_05,Representative,https://cleaver.house.gov,emanuelcleaverii,RepCleaver
Ben Cline,R,VA,VA_06,Representative,https://cline.house.gov/,,RepBenCline
Michael Cloud,R,TX,TX_27,Representative,https://cloud.house.gov/,,RepCloudTX
James Clyburn,D,SC,SC_06,Representative,https://clyburn.house.gov,jameseclyburn,WhipClyburn
Steve Cohen,D,TN,TN_09,Representative,https://cohen.house.gov,CongressmanSteveCohen,RepCohen
Tom Cole,R,OK,OK_04,Representative,https://cole.house.gov,TomColeOK04,TomColeOK04
Doug Collins,R,GA,GA_09,Representative,https://dougcollins.house.gov,RepresentativeDougCollins,RepDougCollins
Chris Collins,R,NY,NY_27,Representative,https://chriscollins.house.gov,RepChrisCollins,RepChrisCollins
James Comer,R,KY,KY_01,Representative,https://comer.house.gov,congressmancomer,
K. Conaway,R,TX,TX_11,Representative,https://conaway.house.gov,mike.conaway,ConawayTX11
Gerald Connolly,D,VA,VA_11,Representative,https://connolly.house.gov,CongressmanGerryConnolly,GerryConnolly
Paul Cook,R,CA,CA_08,Representative,https://cook.house.gov,RepPaulCook,RepPaulCook
Jim Cooper,D,TN,TN_05,Representative,https://cooper.house.gov,JimCooper,RepJimCooper
J. Correa,D,CA,CA_46,Representative,https://correa.house.gov,RepLouCorrea,reploucorrea
Jim Costa,D,CA,CA_16,Representative,https://costa.house.gov,RepJimCosta,RepJimCosta
Joe Courtney,D,CT,CT_02,Representative,https://courtney.house.gov,joecourtney,RepJoeCourtney
TJ Cox,D,CA,CA_21,Representative,https://cox.house.gov/,,RepTjCox
Angie Craig,D,MN,MN_02,Representative,https://craig.house.gov/,,RepAngieCraig
Rick Crawford,R,AR,AR_01,Representative,https://crawford.house.gov,RepRickCrawford,RepRickCrawford
Dan Crenshaw,R,TX,TX_02,Representative,https://crenshaw.house.gov/,,RepDanCrenshaw
Charlie Crist,D,FL,FL_13,Representative,https://crist.house.gov,RepCharlieCrist,repcharliecrist
Jason Crow,D,CO,CO_06,Representative,https://crow.house.gov/,,RepJasonCrow
Henry Cuellar,D,TX,TX_28,Representative,https://cuellar.house.gov,152569121550,RepCuellar
Elijah Cummings,D,MD,MD_07,Representative,https://cummings.house.gov,elijahcummings,RepCummings
Joe Cunningham,D,SC,SC_01,Representative,https://cunningham.house.gov/,,RepCunningham
John Curtis,R,UT,UT_03,Representative,https://curtis.house.gov,RepJohnCurtis,RepJohnCurtis
Sharice Davids,D,KS,KS_03,Representative,https://davids.house.gov/,,RepDavids
Warren Davidson,R,OH,OH_08,Representative,https://davidson.house.gov,CongressmanWarrenDavidson,WarrenDavidson
Danny Davis,D,IL,IL_07,Representative,https://davis.house.gov,CongressmanDKDavis,RepDannyDavis
Rodney Davis,R,IL,IL_13,Representative,https://rodneydavis.house.gov,RepRodneyDavis,RodneyDavis
Susan Davis,D,CA,CA_53,Representative,https://susandavis.house.gov,RepSusanDavis,RepSusanDavis
Madeleine Dean,D,PA,PA_04,Representative,https://dean.house.gov/,,RepDean
Peter DeFazio,D,OR,OR_04,Representative,https://defazio.house.gov,RepPeterDeFazio,RepPeterDeFazio
Diana DeGette,D,CO,CO_01,Representative,https://degette.house.gov,DianaDeGette,RepDianaDeGette
Rosa DeLauro,D,CT,CT_03,Representative,https://delauro.house.gov,CongresswomanRosaDeLauro,RosaDeLauro
Suzan DelBene,D,WA,WA_01,Representative,https://delbene.house.gov,RepDelBene,RepDelBene
Antonio Delgado,D,NY,NY_19,Representative,https://delgado.house.gov/,,repdelgado
Val Demings,D,FL,FL_10,Representative,https://demings.house.gov,RepresentativeValDemings,RepValDemings
Mark DeSaulnier,D,CA,CA_11,Representative,https://desaulnier.house.gov,RepMarkDeSaulnier,RepDeSaulnier
Scott DesJarlais,R,TN,TN_04,Representative,https://desjarlais.house.gov,ScottDesJarlaisTN04,DesJarlaisTN04
Ted Deutch,D,FL,FL_22,Representative,https://teddeutch.house.gov,CongressmanTedDeutch,RepTedDeutch
Mario Diaz-Balart,R,FL,FL_25,Representative,https://mariodiazbalart.house.gov,mdiazbalart,MarioDB
Debbie Dingell,D,MI,MI_12,Representative,https://debbiedingell.house.gov,RepDebbieDingell,RepDebDingell
Lloyd Doggett,D,TX,TX_35,Representative,https://doggett.house.gov,lloyddoggett,RepLloydDoggett
Mike Doyle,D,PA,PA_18,Representative,https://doyle.house.gov,usrepmikedoyle,USRepMikeDoyle
Sean Duffy,R,WI,WI_07,Representative,https://duffy.house.gov,RepSeanDuffy,RepSeanDuffy
Jeffrey Duncan,R,SC,SC_03,Representative,https://jeffduncan.house.gov,RepJeffDuncan,RepJeffDuncan
Neal Dunn,R,FL,FL_02,Representative,https://dunn.house.gov,drnealdunnfl2,drnealdunnfl2
Tom Emmer,R,MN,MN_06,Representative,https://emmer.house.gov,reptomemmer,RepTomEmmer
Eliot Engel,D,NY,NY_16,Representative,https://engel.house.gov,RepEliotLEngel,RepEliotEngel
Veronica Escobar,D,TX,TX_16,Representative,https://escobar.house.gov/,,RepEscobar
Anna Eshoo,D,CA,CA_18,Representative,http://eshoo.house.gov,RepAnnaEshoo,RepAnnaEshoo
Adriano Espaillat,D,NY,NY_13,Representative,https://espaillat.house.gov,RepEspaillat,RepEspaillat
Ron Estes,R,KS,KS_04,Representative,https://estes.house.gov,RepRonEstes,RepRonEstes
Dwight Evans,D,PA,PA_03,Representative,https://evans.house.gov,RepDwightEvans,RepDwightEvans
A. Ferguson,R,GA,GA_03,Representative,https://ferguson.house.gov,RepDrewFerguson,RepDrewFerguson
Abby Finkenauer,D,IA,IA_01,Representative,https://finkenauer.house.gov/,,RepFinkenauer
Brian Fitzpatrick,R,PA,PA_01,Representative,https://fitzpatrick.house.gov,repbrianfitzpatrick,repbrianfitz
Chuck Fleischmann,R,TN,TN_03,Representative,https://fleischmann.house.gov,repchuck,RepChuck
Lizzie Fletcher,D,TX,TX_07,Representative,https://fletcher.house.gov/,,RepFletcher
Bill Flores,R,TX,TX_17,Representative,https://flores.house.gov,RepBillFlores,RepBillFlores
Jeff Fortenberry,R,NE,NE_01,Representative,https://fortenberry.house.gov,jefffortenberry,JeffFortenberry
Bill Foster,D,IL,IL_11,Representative,https://foster.house.gov,CongressmanBillFoster,RepBillFoster
Virginia Foxx,R,NC,NC_05,Representative,https://foxx.house.gov,RepVirginiaFoxx,VirginiaFoxx
Lois Frankel,D,FL,FL_21,Representative,https://frankel.house.gov,RepLoisFrankel,RepLoisFrankel
Marcia Fudge,D,OH,OH_11,Representative,https://fudge.house.gov,RepMarciaLFudge,RepMarciaFudge
Russ Fulcher,R,ID,ID_01,Representative,https://fulcher.house.gov/,,RepRussFulcher
Tulsi Gabbard,D,HI,HI_02,Representative,https://gabbard.house.gov,RepTulsiGabbard,TulsiPress
Matt Gaetz,R,FL,FL_01,Representative,https://gaetz.house.gov,CongressmanMattGaetz,RepMattGaetz
Mike Gallagher,R,WI,WI_08,Representative,https://gallagher.house.gov,RepMikeGallagher,RepGallagher
Ruben Gallego,D,AZ,AZ_07,Representative,https://rubengallego.house.gov,RepRubenGallego,RepRubenGallego
John Garamendi,D,CA,CA_03,Representative,https://garamendi.house.gov,repgaramendi,RepGaramendi
Sylvia Garcia,D,TX,TX_29,Representative,https://sylviagarcia.house.gov/,,RepSylviaGarcia
Jesús García,D,IL,IL_04,Representative,https://chuygarcia.house.gov/,,RepChuyGarcia
Greg Gianforte,R,MT,MT_AL,Representative,https://gianforte.house.gov,RepGianforte,
Bob Gibbs,R,OH,OH_07,Representative,https://gibbs.house.gov,RepBobGibbs,RepBobGibbs
Louie Gohmert,R,TX,TX_01,Representative,https://gohmert.house.gov,50375006903,RepLouieGohmert
Jared Golden,D,ME,ME_02,Representative,https://golden.house.gov,,repgolden
Jimmy Gomez,D,CA,CA_34,Representative,https://gomez.house.gov,RepJimmyGomez,RepJimmyGomez
Anthony Gonzalez,R,OH,OH_16,Representative,https://anthonygonzalez.house.gov/,,RepAGonzalez
Vicente Gonzalez,D,TX,TX_15,Representative,https://gonzalez.house.gov,USCongressmanVicenteGonzalez,RepGonzalez
Jenniffer González-Colón,R,PR,PR_AL,Resident Commissioner,https://gonzalez-colon.house.gov,RepJennifferGonzalezColon,repjenniffer
Lance Gooden,R,TX,TX_05,Representative,https://gooden.house.gov/,,RepLanceGooden
Paul Gosar,R,AZ,AZ_04,Representative,https://gosar.house.gov,repgosar,RepGosar
Josh Gottheimer,D,NJ,NJ_05,Representative,https://gottheimer.house.gov,RepJoshG,RepJoshG
Kay Granger,R,TX,TX_12,Representative,https://kaygranger.house.gov,RepKayGranger,RepKayGranger
Tom Graves,R,GA,GA_14,Representative,https://tomgraves.house.gov,reptomgraves,RepTomGraves
Garret Graves,R,LA,LA_06,Representative,https://garretgraves.house.gov,CongressmanGarretGraves,RepGarretGraves
Sam Graves,R,MO,MO_06,Representative,https://graves.house.gov,118514606128,RepSamGraves
Al Green,D,TX,TX_09,Representative,https://algreen.house.gov,repalgreen,RepAlGreen
Mark Green,R,TN,TN_07,Representative,https://markgreen.house.gov,,RepMarkGreen
Morgan Griffith,R,VA,VA_09,Representative,https://morgangriffith.house.gov,RepMorganGriffith,RepMGriffith
Raúl Grijalva,D,AZ,AZ_03,Representative,https://grijalva.house.gov,Rep.Grijalva,RepraulGrijalva
Glenn Grothman,R,WI,WI_06,Representative,https://grothman.house.gov,RepGrothman,RepGrothman
Michael Guest,R,MS,MS_03,Representative,https://guest.house.gov/,,RepMichaelGuest
Brett Guthrie,R,KY,KY_02,Representative,https://guthrie.house.gov,CongressmanGuthrie,RepGuthrie
Debra Haaland,D,NM,NM_01,Representative,https://haaland.house.gov/,,RepDebHaaland
Jim Hagedorn,R,MN,MN_01,Representative,https://hagedorn.house.gov/,,RepHagedorn
Josh Harder,D,CA,CA_10,Representative,https://harder.house.gov/,,RepJoshHarder
Andy Harris,R,MD,MD_01,Representative,https://harris.house.gov,AndyHarrisMD,RepAndyHarrisMD
Vicky Hartzler,R,MO,MO_04,Representative,https://hartzler.house.gov,Congresswoman.Hartzler,RepHartzler
Alcee Hastings,D,FL,FL_20,Representative,https://alceehastings.house.gov,95696782238,RepHastingsFL
Jahana Hayes,D,CT,CT_05,Representative,https://hayes.house.gov/,,RepJahanaHayes
Denny Heck,D,WA,WA_10,Representative,https://dennyheck.house.gov,CongressmanDennyHeck,RepDennyHeck
Kevin Hern,R,OK,OK_01,Representative,https://hern.house.gov,,repkevinhern
Jaime Herrera Beutler,R,WA,WA_03,Representative,https://herrerabeutler.house.gov,herrerabeutler,HerreraBeutler
Jody Hice,R,GA,GA_10,Representative,https://hice.house.gov,CongressmanJodyHice,congressmanhice
Clay Higgins,R,LA,LA_03,Representative,https://clayhiggins.house.gov,CongressmanClayHiggins,RepClayHiggins
Brian Higgins,D,NY,NY_26,Representative,https://higgins.house.gov,RepBrianHiggins,RepBrianHiggins
Katie Hill,D,CA,CA_25,Representative,https://katiehill.house.gov/,,RepKatieHill
French Hill,R,AR,AR_02,Representative,https://hill.house.gov,RepFrenchHill,RepFrenchHill
Jim Himes,D,CT,CT_04,Representative,https://himes.house.gov,CongressmanJimHimes,JAHimes
George Holding,R,NC,NC_02,Representative,https://holding.house.gov,CongressmanGeorgeHolding,RepHolding
Trey Hollingsworth,R,IN,IN_09,Representative,https://hollingsworth.house.gov,reptrey,reptrey
Kendra Horn,D,OK,OK_05,Representative,https://horn.house.gov/,,RepKendraHorn
Steven Horsford,D,NV,NV_04,Representative,http://horsford.house.gov,,RepHorsford
Chrissy Houlahan,D,PA,PA_06,Representative,https://houlahan.house.gov/,,RepHoulahan
Steny Hoyer,D,MD,MD_05,Representative,https://hoyer.house.gov,WhipHoyer,LeaderHoyer
Richard Hudson,R,NC,NC_08,Representative,https://hudson.house.gov,RepRichHudson,RepRichHudson
Jared Huffman,D,CA,CA_02,Representative,https://huffman.house.gov,RepHuffman,RepHuffman
Bill Huizenga,R,MI,MI_02,Representative,https://huizenga.house.gov,RepHuizenga,RepHuizenga
Duncan Hunter,R,CA,CA_50,Representative,https://hunter.house.gov,DuncanHunter,Rep_Hunter
Will Hurd,R,TX,TX_23,Representative,https://hurd.house.gov,HurdOnTheHill,hurdonthehill
Sheila Jackson Lee,D,TX,TX_18,Representative,https://jacksonlee.house.gov,CongresswomanSheilaJacksonLee,JacksonLeeTX18
Pramila Jayapal,D,WA,WA_07,Representative,https://jayapal.house.gov,RepJayapal,RepJayapal
Hakeem Jeffries,D,NY,NY_08,Representative,https://jeffries.house.gov,RepHakeemJeffries,RepJeffries
Mike Johnson,R,LA,LA_04,Representative,https://mikejohnson.house.gov,RepMikeJohnson,RepMikeJohnson
Dusty Johnson,R,SD,SD_AL,Representative,https://dustyjohnson.house.gov/,,RepJohnson
Bill Johnson,R,OH,OH_06,Representative,https://billjohnson.house.gov,RepBillJohnson,RepBillJohnson
Eddie Johnson,D,TX,TX_30,Representative,https://ebjohnson.house.gov,CongresswomanEBJtx30,RepEBJ
Hank Johnson,D,GA,GA_04,Representative,https://hankjohnson.house.gov,115356957005,RepHankJohnson
Walter Jones,R,NC,NC_03,Representative,https://jones.house.gov,15083070102,RepWalterJones
Jim Jordan,R,OH,OH_04,Representative,https://jordan.house.gov,repjimjordan,Jim_Jordan
Dave Joyce,R,OH,OH_14,Representative,https://joyce.house.gov,RepDaveJoyce,RepDaveJoyce
John Joyce,R,PA,PA_13,Representative,https://johnjoyce.house.gov/,,RepJohnJoyce
Marcy Kaptur,D,OH,OH_09,Representative,https://kaptur.house.gov,RepresentativeMarcyKaptur,RepMarcyKaptur
John Katko,R,NY,NY_24,Representative,https://katko.house.gov,RepJohnKatko,RepJohnKatko
Bill Keating,D,MA,MA_09,Representative,https://keating.house.gov,Congressman.Keating,USRepKeating
Fred Keller,R,PA,PA_12,Representative,https://keller.house.gov/,,RepFredKeller
Robin Kelly,D,IL,IL_02,Representative,https://robinkelly.house.gov,reprobinkelly,RepRobinKelly
Mike Kelly,R,PA,PA_16,Representative,https://kelly.house.gov,191056827594903,MikeKellyPA
Trent Kelly,R,MS,MS_01,Representative,https://trentkelly.house.gov,reptrentkelly,RepTrentKelly
Joseph Kennedy,D,MA,MA_04,Representative,https://kennedy.house.gov,301936109927957,RepJoeKennedy
Ro Khanna,D,CA,CA_17,Representative,https://khanna.house.gov,RepRoKhanna,RepRoKhanna
Dan Kildee,D,MI,MI_05,Representative,https://dankildee.house.gov,RepDanKildee,RepDanKildee
Derek Kilmer,D,WA,WA_06,Representative,https://kilmer.house.gov,derek.kilmer,RepDerekKilmer
Andy Kim,D,NJ,NJ_03,Representative,https://kim.house.gov/,,RepAndyKimNJ
Ron Kind,D,WI,WI_03,Representative,https://kind.house.gov,repronkind,RepRonKind
Peter King,R,NY,NY_02,Representative,https://peteking.house.gov,,RepPeteKing
Steve King,R,IA,IA_04,Representative,https://steveking.house.gov,stevekingia,SteveKingIA
Adam Kinzinger,R,IL,IL_16,Representative,https://kinzinger.house.gov,RepKinzinger,RepKinzinger
Ann Kirkpatrick,D,AZ,AZ_02,Representative,http://kirkpatrick.house.gov,RepKirkpatrick,RepKirkpatrick
Raja Krishnamoorthi,D,IL,IL_08,Representative,https://krishnamoorthi.house.gov,congressmanraja,congressmanraja
Ann Kuster,D,NH,NH_02,Representative,https://kuster.house.gov,CongresswomanAnnieKuster,RepAnnieKuster
David Kustoff,R,TN,TN_08,Representative,https://kustoff.house.gov,RepDavidKustoff,repdavidkustoff
Darin LaHood,R,IL,IL_18,Representative,https://lahood.house.gov,replahood,RepLaHood
Doug LaMalfa,R,CA,CA_01,Representative,https://lamalfa.house.gov,RepLaMalfa,RepLaMalfa
Conor Lamb,D,PA,PA_17,Representative,https://lamb.house.gov/,RepConorLamb,RepConorLamb
Doug Lamborn,R,CO,CO_05,Representative,https://lamborn.house.gov,CongressmanDougLamborn,RepDLamborn
Jim Langevin,D,RI,RI_02,Representative,https://langevin.house.gov,CongressmanJimLangevin,JimLangevin
Rick Larsen,D,WA,WA_02,Representative,https://larsen.house.gov,RepRickLarsen,RepRickLarsen
John Larson,D,CT,CT_01,Representative,https://larson.house.gov,RepJohnLarson,RepJohnLarson
Robert Latta,R,OH,OH_05,Representative,https://latta.house.gov,boblatta,BobLatta
Brenda Lawrence,D,MI,MI_14,Representative,https://lawrence.house.gov,395759603917487,RepLawrence
Al Lawson,D,FL,FL_05,Representative,https://lawson.house.gov,RepAlLawsonJr,RepAlLawsonJr
Barbara Lee,D,CA,CA_13,Representative,https://lee.house.gov,RepBarbaraLee,RepBarbaraLee
Susie Lee,D,NV,NV_03,Representative,https://susielee.house.gov/,,RepSusieLee
Debbie Lesko,R,AZ,AZ_08,Representative,https://lesko.house.gov/,RepDebbieLesko,RepDLesko
Mike Levin,D,CA,CA_49,Representative,https://mikelevin.house.gov/,,RepMikeLevin
Andy Levin,D,MI,MI_09,Representative,https://andylevin.house.gov/,,RepAndyLevin
John Lewis,D,GA,GA_05,Representative,https://johnlewis.house.gov,RepJohnLewis,RepJohnLewis
Ted Lieu,D,CA,CA_33,Representative,https://lieu.house.gov,RepTedLieu,RepTedLieu
Daniel Lipinski,D,IL,IL_03,Representative,https://lipinski.house.gov,repdanlipinski,RepLipinski
Dave Loebsack,D,IA,IA_02,Representative,https://loebsack.house.gov,DaveLoebsack,DaveLoebsack
Zoe Lofgren,D,CA,CA_19,Representative,https://lofgren.house.gov,zoelofgren,RepZoeLofgren
Billy Long,R,MO,MO_07,Representative,https://long.house.gov,Rep.Billy.Long,USRepLong
Barry Loudermilk,R,GA,GA_11,Representative,https://loudermilk.house.gov,reploudermilk,RepLoudermilk
Alan Lowenthal,D,CA,CA_47,Representative,https://lowenthal.house.gov,RepLowenthal,RepLowenthal
Nita Lowey,D,NY,NY_17,Representative,https://lowey.house.gov,RepLowey,NitaLowey
Frank Lucas,R,OK,OK_03,Representative,https://lucas.house.gov,RepFrankLucas,RepFrankLucas
Blaine Luetkemeyer,R,MO,MO_03,Representative,https://luetkemeyer.house.gov,BlaineLuetkemeyer,RepBlaine
Ben Luján,D,NM,NM_03,Representative,https://lujan.house.gov,RepBenRayLujan,RepBenRayLujan
Elaine Luria,D,VA,VA_02,Representative,https://luria.house.gov/,,RepElaineLuria
Stephen Lynch,D,MA,MA_08,Representative,https://lynch.house.gov,repstephenlynch,RepStephenLynch
Tom Malinowski,D,NJ,NJ_07,Representative,https://malinowski.house.gov/,,RepMalinowski
Sean Maloney,D,NY,NY_18,Representative,https://seanmaloney.house.gov,RepSeanMaloney,RepSeanMaloney
Carolyn Maloney,D,NY,NY_12,Representative,https://maloney.house.gov,RepCarolynMaloney,RepMaloney
Kenny Marchant,R,TX,TX_24,Representative,https://marchant.house.gov,RepKennyMarchant,RepKenMarchant
Tom Marino,R,PA,PA_12,Representative,https://marino.house.gov,CongressmanMarino,RepTomMarino
Roger Marshall,R,KS,KS_01,Representative,https://marshall.house.gov,rogermarshallmd,RepMarshall
Thomas Massie,R,KY,KY_04,Representative,https://massie.house.gov,RepThomasMassie,RepThomasMassie
Brian Mast,R,FL,FL_18,Representative,https://mast.house.gov,repbrianmast,repbrianmast
Doris Matsui,D,CA,CA_06,Representative,http://matsui.house.gov,doris.matsui,DorisMatsui
Ben McAdams,D,UT,UT_04,Representative,https://mcadams.house.gov/,,RepBenMcAdams
Lucy McBath,D,GA,GA_06,Representative,https://mcbath.house.gov/,,replucymcbath
Kevin McCarthy,R,CA,CA_23,Representative,https://kevinmccarthy.house.gov,CongressmanKevinMcCarthy,GOPLeader
Michael McCaul,R,TX,TX_10,Representative,https://mccaul.house.gov,michaeltmccaul,RepMcCaul
Tom McClintock,R,CA,CA_04,Representative,https://mcclintock.house.gov,81125319109,RepMcClintock
Betty McCollum,D,MN,MN_04,Representative,https://mccollum.house.gov,repbettymccollum,BettyMcCollum04
A. McEachin,D,VA,VA_04,Representative,https://mceachin.house.gov,RepMcEachin,RepMcEachin
Jim McGovern,D,MA,MA_02,Representative,https://mcgovern.house.gov,RepJimMcGovern,RepMcGovern
Patrick McHenry,R,NC,NC_10,Representative,https://mchenry.house.gov,CongressmanMcHenry,PatrickMcHenry
David McKinley,R,WV,WV_01,Representative,https://mckinley.house.gov,RepMcKinley,RepMcKinley
Cathy McMorris Rodgers,R,WA,WA_05,Representative,https://mcmorris.house.gov,mcmorrisrodgers,CathyMcMorris
Jerry McNerney,D,CA,CA_09,Representative,https://mcnerney.house.gov,jerrymcnerney,RepMcNerney
Mark Meadows,R,NC,NC_11,Representative,https://meadows.house.gov,Repmarkmeadows,RepMarkMeadows
Gregory Meeks,D,NY,NY_05,Representative,https://meeks.house.gov,gregorymeeksny05,RepGregoryMeeks
Grace Meng,D,NY,NY_06,Representative,https://meng.house.gov,repgracemeng,RepGraceMeng
Daniel Meuser,R,PA,PA_09,Representative,https://meuser.house.gov/,,RepMeuser
Carol Miller,R,WV,WV_03,Representative,https://miller.house.gov/,,RepCarolMiller
Paul Mitchell,R,MI,MI_10,Representative,https://mitchell.house.gov,reppaulmitchell,RepPaulMitchell
John Moolenaar,R,MI,MI_04,Representative,https://moolenaar.house.gov,RepMoolenaar,RepMoolenaar
Alex Mooney,R,WV,WV_02,Representative,https://mooney.house.gov,CongressmanAlexMooney,RepAlexMooney
Gwen Moore,D,WI,WI_04,Representative,https://gwenmoore.house.gov,GwenSMoore,RepGwenMoore
Joe Morelle,D,NY,NY_25,Representative,https://morelle.house.gov,,repjoemorelle
Seth Moulton,D,MA,MA_06,Representative,https://moulton.house.gov,CongressmanSethMoulton,teammoulton
Debbie Mucarsel-Powell,D,FL,FL_26,Representative,https://mucarsel-powell.house.gov/,,RepDMP
Markwayne Mullin,R,OK,OK_02,Representative,https://mullin.house.gov,RepMullin,RepMullin
Greg Murphy,R,NC,NC_03,Representative,https://gregmurphy.house.gov/,,RepGregMurphy
Stephanie Murphy,D,FL,FL_07,Representative,https://stephaniemurphy.house.gov,RepStephMurphy,RepStephMurphy
Jerrold Nadler,D,NY,NY_10,Representative,https://nadler.house.gov,CongressmanNadler,RepJerryNadler
Grace Napolitano,D,CA,CA_32,Representative,https://napolitano.house.gov,RepGraceNapolitano,GraceNapolitano
Richard Neal,D,MA,MA_01,Representative,https://neal.house.gov,reprichardneal,RepRichardNeal
Joe Neguse,D,CO,CO_02,Representative,https://neguse.house.gov/,,RepJoeNeguse
Dan Newhouse,R,WA,WA_04,Representative,https://newhouse.house.gov,RepNewhouse,RepNewhouse
Donald Norcross,D,NJ,NJ_01,Representative,https://norcross.house.gov,DonaldNorcrossNJ,DonaldNorcross
Ralph Norman,R,SC,SC_05,Representative,https://norman.house.gov,RepRalphNorman,RepRalphNorman
Eleanor Norton,D,DC,DC_AL,Delegate,https://norton.house.gov,CongresswomanNorton,EleanorNorton
Devin Nunes,R,CA,CA_22,Representative,https://nunes.house.gov,,RepDevinNunes
Tom O'Halleran,D,AZ,AZ_01,Representative,https://ohalleran.house.gov,repohalleran,repohalleran
Alexandria Ocasio-Cortez,D,NY,NY_14,Representative,https://ocasio-cortez.house.gov/,,RepAOC
Pete Olson,R,TX,TX_22,Representative,https://olson.house.gov,Rep.PeteOlson,RepPeteOlson
Ilhan Omar,D,MN,MN_05,Representative,https://omar.house.gov/,,Ilhan
Steven Palazzo,R,MS,MS_04,Representative,https://palazzo.house.gov,stevenpalazzo,CongPalazzo
Frank Pallone,D,NJ,NJ_06,Representative,https://pallone.house.gov,repfrankpallone,FrankPallone
Gary Palmer,R,AL,AL_06,Representative,https://palmer.house.gov,CongressmanGaryPalmer,USRepGaryPalmer
Jimmy Panetta,D,CA,CA_20,Representative,https://panetta.house.gov,RepJimmyPanetta,RepJimmyPanetta
Chris Pappas,D,NH,NH_01,Representative,https://pappas.house.gov/,,RepChrisPappas
Bill Pascrell,D,NJ,NJ_09,Representative,https://pascrell.house.gov,pascrell,BillPascrell
Donald Payne,D,NJ,NJ_10,Representative,https://payne.house.gov,DonaldPayneJr,RepDonaldPayne
Nancy Pelosi,D,CA,CA_12,Representative,https://pelosi.house.gov,NancyPelosi,SpeakerPelosi
Greg Pence,R,IN,IN_06,Representative,https://pence.house.gov/,,RepGregPence
Ed Perlmutter,D,CO,CO_07,Representative,https://perlmutter.house.gov,RepPerlmutter,RepPerlmutter
Scott Perry,R,PA,PA_10,Representative,https://perry.house.gov,repscottperry,RepScottPerry
Scott Peters,D,CA,CA_52,Representative,https://scottpeters.house.gov,RepScottPeters,RepScottPeters
Collin Peterson,D,MN,MN_07,Representative,https://collinpeterson.house.gov,,
Dean Phillips,D,MN,MN_03,Representative,https://phillips.house.gov/,,RepDeanPhillips
Chellie Pingree,D,ME,ME_01,Representative,https://pingree.house.gov,ChelliePingree,ChelliePingree
Stacey Plaskett,D,VI,VI_AL,Delegate,https://plaskett.house.gov,repstaceyplaskett,staceyplaskett
Mark Pocan,D,WI,WI_02,Representative,https://pocan.house.gov,repmarkpocan,RepMarkPocan
Katie Porter,D,CA,CA_45,Representative,https://porter.house.gov/,,RepKatiePorter
Bill Posey,R,FL,FL_08,Representative,https://posey.house.gov,bill.posey15,CongBillPosey
Ayanna Pressley,D,MA,MA_07,Representative,https://pressley.house.gov/,,RepPressley
David Price,D,NC,NC_04,Representative,https://price.house.gov,RepDavidEPrice,RepDavidEPrice
Mike Quigley,D,IL,IL_05,Representative,https://quigley.house.gov,repmikequigley,RepMikeQuigley
Amata Radewagen,R,AS,AS_AL,Delegate,https://radewagen.house.gov,aumuaamata,RepAmata
Jamie Raskin,D,MD,MD_08,Representative,https://raskin.house.gov,repraskin,repraskin
John Ratcliffe,R,TX,TX_04,Representative,https://ratcliffe.house.gov,RepRatcliffe,RepRatcliffe
Tom Reed,R,NY,NY_23,Representative,https://reed.house.gov,RepTomReed,RepTomReed
Guy Reschenthaler,R,PA,PA_14,Representative,https://reschenthaler.house.gov/,,GReschenthaler
Kathleen Rice,D,NY,NY_04,Representative,https://kathleenrice.house.gov,RepKathleenRice,RepKathleenRice
Tom Rice,R,SC,SC_07,Representative,https://rice.house.gov,reptomrice,RepTomRice
Cedric Richmond,D,LA,LA_02,Representative,https://richmond.house.gov,RepRichmond,RepRichmond
Denver Riggleman,R,VA,VA_05,Representative,https://riggleman.house.gov/,,RepRiggleman
Martha Roby,R,AL,AL_02,Representative,https://roby.house.gov,Representative.Martha.Roby,RepMarthaRoby
Phil Roe,R,TN,TN_01,Representative,https://roe.house.gov,DrPhilRoe,DrPhilRoe
Harold Rogers,R,KY,KY_05,Representative,https://halrogers.house.gov,CongressmanHalRogers,RepHalRogers
Mike Rogers,R,AL,AL_03,Representative,https://mikerogers.house.gov,CongressmanMikeDRogers,RepMikeRogersAL
Francis Rooney,R,FL,FL_19,Representative,https://francisrooney.house.gov,RepRooney,RepRooney
John Rose,R,TN,TN_06,Representative,https://johnrose.house.gov/,,RepJohnRose
Max Rose,D,NY,NY_11,Representative,https://maxrose.house.gov/,,RepMaxRose
Harley Rouda,D,CA,CA_48,Representative,https://rouda.house.gov/,,RepHarley
David Rouzer,R,NC,NC_07,Representative,https://rouzer.house.gov,RepRouzer,RepDavidRouzer
Chip Roy,R,TX,TX_21,Representative,https://roy.house.gov/,,RepChipRoy
Lucille Roybal-Allard,D,CA,CA_40,Representative,https://roybal-allard.house.gov,RepRoybalAllard,RepRoybalAllard
Raul Ruiz,D,CA,CA_36,Representative,https://ruiz.house.gov,CongressmanRaulRuizMD,CongressmanRuiz
C.A. Dutch Ruppersberger,D,MD,MD_02,Representative,https://ruppersberger.house.gov,DutchRupp,Call_Me_Dutch
Bobby Rush,D,IL,IL_01,Representative,https://rush.house.gov,congressmanbobbyrush,RepBobbyRush
John Rutherford,R,FL,FL_04,Representative,https://rutherford.house.gov,RepRutherfordFL,RepRutherfordFL
Tim Ryan,D,OH,OH_13,Representative,https://timryan.house.gov,timryan,RepTimRyan
Gregorio Sablan,D,MP,MP_AL,Delegate,https://sablan.house.gov,153423912663,Kilili_Sablan
Michael San Nicolas,D,GU,GU_AL,Delegate,https://sannicolas.house.gov/,,GuamCongressman
Linda Sánchez,D,CA,CA_38,Representative,https://lindasanchez.house.gov,CongresswomanLindaSanchez,RepLindaSanchez
John Sarbanes,D,MD,MD_03,Representative,https://sarbanes.house.gov,RepSarbanes,RepSarbanes
Steve Scalise,R,LA,LA_01,Representative,https://scalise.house.gov,RepSteveScalise,SteveScalise
Mary Scanlon,D,PA,PA_05,Representative,https://scanlon.house.gov,,RepMGS
Jan Schakowsky,D,IL,IL_09,Representative,https://schakowsky.house.gov,janschakowsky,JanSchakowsky
Adam Schiff,D,CA,CA_28,Representative,https://schiff.house.gov,RepAdamSchiff,RepAdamSchiff
Brad Schneider,D,IL,IL_10,Representative,https://schneider.house.gov,CongressmanBradSchneider,repschneider
Kurt Schrader,D,OR,OR_05,Representative,https://schrader.house.gov,repschrader,RepSchrader
Kim Schrier,D,WA,WA_08,Representative,https://schrier.house.gov/,,RepKimSchrier
David Schweikert,R,AZ,AZ_06,Representative,https://schweikert.house.gov,repdavidschweikert,RepDavid
David Scott,D,GA,GA_13,Representative,https://davidscott.house.gov,113303673339,RepDavidScott
Austin Scott,R,GA,GA_08,Representative,https://austinscott.house.gov,RepAustinScott,AustinScottGA08
Robert Scott,D,VA,VA_03,Representative,https://bobbyscott.house.gov,RepBobbyScott,BobbyScott
F. Sensenbrenner,R,WI,WI_05,Representative,https://sensenbrenner.house.gov,RepSensenbrenner,JimPressOffice
José Serrano,D,NY,NY_15,Representative,https://serrano.house.gov,RepJoseSerrano,RepJoseSerrano
Terri Sewell,D,AL,AL_07,Representative,https://sewell.house.gov,RepSewell,RepTerriSewell
Donna Shalala,D,FL,FL_27,Representative,https://shalala.house.gov/,,RepShalala
Brad Sherman,D,CA,CA_30,Representative,https://sherman.house.gov,63158229861,BradSherman
Mikie Sherrill,D,NJ,NJ_11,Representative,https://sherrill.house.gov/,,RepSherrill
John Shimkus,R,IL,IL_15,Representative,https://shimkus.house.gov,repshimkus,RepShimkus
Mike Simpson,R,ID,ID_02,Representative,https://simpson.house.gov,96007744606,CongMikeSimpson
Albio Sires,D,NJ,NJ_08,Representative,https://sires.house.gov,81058818750,RepSires
Elissa Slotkin,D,MI,MI_08,Representative,https://slotkin.house.gov/,,RepSlotkin
Adrian Smith,R,NE,NE_03,Representative,https://adriansmith.house.gov,,RepAdrianSmith
Adam Smith,D,WA,WA_09,Representative,https://adamsmith.house.gov,RepAdamSmith,RepAdamSmith
Christopher Smith,R,NJ,NJ_04,Representative,https://chrissmith.house.gov,RepChrisSmith,RepChrisSmith
Jason Smith,R,MO,MO_08,Representative,https://jasonsmith.house.gov,repjasonsmith,RepJasonSmith
Lloyd Smucker,R,PA,PA_11,Representative,https://smucker.house.gov,RepSmucker,RepSmucker
Darren Soto,D,FL,FL_09,Representative,https://soto.house.gov,CongressmanDarrenSoto,RepDarrenSoto
Abigail Spanberger,D,VA,VA_07,Representative,https://spanberger.house.gov/,,RepSpanberger
Ross Spano,R,FL,FL_15,Representative,https://spano.house.gov/,,RepRossSpano
Jackie Speier,D,CA,CA_14,Representative,https://speier.house.gov,JackieSpeier,RepSpeier
Greg Stanton,D,AZ,AZ_09,Representative,https://stanton.house.gov/,,RepGregStanton
Pete Stauber,R,MN,MN_08,Representative,https://stauber.house.gov/,,RepPeteStauber
Elise Stefanik,R,NY,NY_21,Representative,https://stefanik.house.gov,RepEliseStefanik,RepStefanik
Bryan Steil,R,WI,WI_01,Representative,https://steil.house.gov/,,RepBryanSteil
Greg Steube,R,FL,FL_17,Representative,https://steube.house.gov/,,RepGregSteube
Haley Stevens,D,MI,MI_11,Representative,https://stevens.house.gov/,,RepHaleyStevens
Chris Stewart,R,UT,UT_02,Representative,https://stewart.house.gov,RepChrisStewart,RepChrisStewart
Steve Stivers,R,OH,OH_15,Representative,https://stivers.house.gov,116058275133542,RepSteveStivers
Thomas Suozzi,D,NY,NY_03,Representative,https://suozzi.house.gov,RepTomSuozzi,RepTomSuozzi
Eric Swalwell,D,CA,CA_15,Representative,https://swalwell.house.gov,CongressmanEricSwalwell,RepSwalwell
Mark Takano,D,CA,CA_41,Representative,https://takano.house.gov,RepMarkTakano,RepMarkTakano
Van Taylor,R,TX,TX_03,Representative,https://vantaylor.house.gov/,,RepVanTaylor
Glenn Thompson,R,PA,PA_15,Representative,https://thompson.house.gov,CongressmanGT,CongressmanGT
Bennie Thompson,D,MS,MS_02,Representative,https://benniethompson.house.gov,CongressmanBennieGThompson,BennieGThompson
Mike Thompson,D,CA,CA_05,Representative,https://mikethompson.house.gov,RepMikeThompson,RepThompson
William Thornberry,R,TX,TX_13,Representative,https://thornberry.house.gov,repmacthornberry,MacTXPress
William Timmons,R,SC,SC_04,Representative,https://timmons.house.gov/,,RepTimmons
Scott Tipton,R,CO,CO_03,Representative,https://tipton.house.gov,CongressmanScottTipton,RepTipton
Dina Titus,D,NV,NV_01,Representative,https://titus.house.gov,CongresswomanTitus,RepDinaTitus
Rashida Tlaib,D,MI,MI_13,Representative,https://tlaib.house.gov/,,RepRashida
Paul Tonko,D,NY,NY_20,Representative,https://tonko.house.gov,reppaultonko,RepPaulTonko
Norma Torres,D,CA,CA_35,Representative,https://torres.house.gov,RepNormaTorres,NormaJTorres
Xochitl Torres Small,D,NM,NM_02,Representative,http://torressmall.house.gov,,RepTorresSmall
Lori Trahan,D,MA,MA_03,Representative,https://trahan.house.gov/,,RepLoriTrahan
David Trone,D,MD,MD_06,Representative,https://trone.house.gov/,,RepDavidTrone
Michael Turner,R,OH,OH_10,Representative,https://turner.house.gov,RepMikeTurner,RepMikeTurner
Lauren Underwood,D,IL,IL_14,Representative,https://underwood.house.gov/,,RepUnderwood
Fred Upton,R,MI,MI_06,Representative,https://upton.house.gov,RepFredUpton,RepFredUpton
Jefferson Van Drew,D,NJ,NJ_02,Representative,https://vandrew.house.gov/,,CongressmanJVD
Juan Vargas,D,CA,CA_51,Representative,https://vargas.house.gov,RepJuanVargas,RepJuanVargas
Marc Veasey,D,TX,TX_33,Representative,https://veasey.house.gov,CongressmanMarcVeasey,RepVeasey
Filemon Vela,D,TX,TX_34,Representative,https://vela.house.gov,USCongressmanFilemonVela,RepFilemonVela
Nydia Velázquez,D,NY,NY_07,Representative,https://velazquez.house.gov,8037068318,NydiaVelazquez
Peter Visclosky,D,IN,IN_01,Representative,https://visclosky.house.gov,repvisclosky,RepVisclosky
Ann Wagner,R,MO,MO_02,Representative,https://wagner.house.gov,RepAnnWagner,RepAnnWagner
Tim Walberg,R,MI,MI_07,Representative,https://walberg.house.gov,RepWalberg,RepWalberg
Greg Walden,R,OR,OR_02,Representative,https://walden.house.gov,repgregwalden,RepGregWalden
Mark Walker,R,NC,NC_06,Representative,https://walker.house.gov,RepMarkWalker,RepMarkWalker
Jackie Walorski,R,IN,IN_02,Representative,https://walorski.house.gov,RepJackieWalorski,RepWalorski
Michael Waltz,R,FL,FL_06,Representative,https://waltz.house.gov/,,RepMichaelWaltz
Debbie Wasserman Schultz,D,FL,FL_23,Representative,https://wassermanschultz.house.gov,RepDWS,RepDWStweets
Maxine Waters,D,CA,CA_43,Representative,https://waters.house.gov,MaxineWaters,RepMaxineWaters
Steven Watkins,R,KS,KS_02,Representative,https://watkins.house.gov/,,Rep_Watkins
Bonnie Watson Coleman,D,NJ,NJ_12,Representative,https://watsoncoleman.house.gov,RepBonnie,RepBonnie
Randy Weber,R,TX,TX_14,Representative,https://weber.house.gov,TXRandy14,TXRandy14
Daniel Webster,R,FL,FL_11,Representative,https://webster.house.gov,RepWebster,RepWebster
Peter Welch,D,VT,VT_AL,Representative,https://welch.house.gov,PeterWelch,PeterWelch
Brad Wenstrup,R,OH,OH_02,Representative,https://wenstrup.house.gov,RepBradWenstrup,RepBradWenstrup
Bruce Westerman,R,AR,AR_04,Representative,https://westerman.house.gov,RepWesterman,RepWesterman
Jennifer Wexton,D,VA,VA_10,Representative,https://wexton.house.gov/,,RepWexton
Susan Wild,D,PA,PA_07,Representative,https://wild.house.gov,,RepSusanWild
Roger Williams,R,TX,TX_25,Representative,https://williams.house.gov,RepRogerWilliams,RepRWilliams
Joe Wilson,R,SC,SC_02,Representative,https://joewilson.house.gov,JoeWilson,RepJoeWilson
Frederica Wilson,D,FL,FL_24,Representative,https://wilson.house.gov,RepWilson,RepWilson
Robert Wittman,R,VA,VA_01,Representative,https://wittman.house.gov,RepRobWittman,RobWittman
Steve Womack,R,AR,AR_03,Representative,https://womack.house.gov,RepSteveWomack,Rep_SteveWomack
Rob Woodall,R,GA,GA_07,Representative,https://woodall.house.gov,RepRobWoodall,RepRobWoodall
Ron Wright,R,TX,TX_06,Representative,https://wright.house.gov/,,RepRonWright
John Yarmuth,D,KY,KY_03,Representative,https://yarmuth.house.gov,214258646163,RepJohnYarmuth
Ted Yoho,R,FL,FL_03,Representative,https://yoho.house.gov,CongressmanTedYoho,RepTedYoho
Don Young,R,AK,AK_AL,Representative,https://donyoung.house.gov,RepDonYoung,RepDonYoung
Lee Zeldin,R,NY,NY_01,Representative,https://zeldin.house.gov,RepLeeZeldin,RepLeeZeldin
